darlene,hotfork94,darlene@annas.bananas
earl,fuckyou,earl@annas.bananas
quincy,999999999,qunicy@annas.bananas
jeanie,ce3N4NEGao,jeanie@annas.bananas
carl,J!QDO3O6qPOG,carl@annas.bananas
howard,rSRavWvW$Wlw,howard@annas.bananas
riely,CifeSONiTica,riely@annas.bananas
petunia,AnnasBananas22,petunia@annas.bananas
venus,nikita,venus@annas.bananas
jasmine,qwerty123,jasmine@annas.bananas
ralphie,newmonster20,ralphie@annas.bananas
logan,jollywhale71,logan@annas.bananas
beverley,beverley123,beverly@annas.bananas
orville,25oct1994,orville@annas.bananas
atticus,poorshoe18,atticus@annas.bananas
kimberly,muddyfeast10,kimberly@annas.bananas
jaqueline,dampseal66,jaqueline@annas.bananas
yvonne,NOV191977,yvonne@annas.bananas
jeremiah,jeremiah90,jeremiah@annas.bananas
slate,bentline99,slate@annas.bananas
regal,fuzzysand69,regal@annas.bananas
xavier,cisco,xavier@annas.bananas
zoonie,oJ%bGTh7fV6mathjNn2U2Wo,zoonie@annas.bananas
